Kategorie;Produkt;Variante;Status;Apple aktuell €;17 % €;27 % €;Rabattregel;Früher 29.08.2026 €;Änderung Apple €;Hinweis
iphone;iPhone 17 Pro;256 GB;Vorgänger;1299.00;1079.33;949.62;Apple/Beats 17 % / versteckt 27 %;1299.00;0.00;Vorgängerpreis als Historie beibehalten.
iphone;iPhone 17 Pro;512 GB;Vorgänger;1549.00;1286.39;1132.88;Apple/Beats 17 % / versteckt 27 %;1549.00;0.00;Vorgängerpreis als Historie beibehalten.
iphone;iPhone 17 Pro;1 TB;Vorgänger;1799.00;1494.64;1314.95;Apple/Beats 17 % / versteckt 27 %;1799.00;0.00;Vorgängerpreis als Historie beibehalten.
iphone;iPhone 17 Pro Max;256 GB;Vorgänger;1449.00;1204.28;1059.10;Apple/Beats 17 % / versteckt 27 %;1449.00;0.00;Vorgängerpreis als Historie beibehalten.
iphone;iPhone 17 Pro Max;512 GB;Vorgänger;1699.00;1411.34;1242.36;Apple/Beats 17 % / versteckt 27 %;1699.00;0.00;Vorgängerpreis als Historie beibehalten.
iphone;iPhone 17 Pro Max;1 TB;Vorgänger;1949.00;1618.40;1424.43;Apple/Beats 17 % / versteckt 27 %;1949.00;0.00;Vorgängerpreis als Historie beibehalten.
iphone;iPhone 17 Pro Max;2 TB;Vorgänger;2449.00;2033.71;1789.76;Apple/Beats 17 % / versteckt 27 %;2449.00;0.00;Vorgängerpreis als Historie beibehalten.
iphone;iPhone Air;256 GB;Jetzt kaufen;1299.00;1079.33;949.62;Apple/Beats 17 % / versteckt 27 %;1199.00;100.00;
iphone;iPhone Air;512 GB;Jetzt kaufen;1549.00;1286.39;1132.88;Apple/Beats 17 % / versteckt 27 %;1449.00;100.00;
iphone;iPhone Air;1 TB;Jetzt kaufen;2049.00;1701.70;1497.02;Apple/Beats 17 % / versteckt 27 %;1699.00;350.00;
iphone;iPhone 17;256 GB;Jetzt kaufen;1099.00;912.73;804.44;Apple/Beats 17 % / versteckt 27 %;949.00;150.00;
iphone;iPhone 17;512 GB;Jetzt kaufen;1349.00;1120.98;986.51;Apple/Beats 17 % / versteckt 27 %;1199.00;150.00;
iphone;iPhone 17e;256 GB;Jetzt kaufen;849.00;705.67;621.18;Apple/Beats 17 % / versteckt 27 %;699.00;150.00;
iphone;iPhone 17e;512 GB;Jetzt kaufen;1099.00;912.73;804.44;Apple/Beats 17 % / versteckt 27 %;949.00;150.00;
iphone;iPhone 16;128 GB;Jetzt kaufen;999.00;830.62;730.66;Apple/Beats 17 % / versteckt 27 %;849.00;150.00;
iphone;iPhone 16;256 GB;Jetzt kaufen;1129.00;937.72;825.86;Apple/Beats 17 % / versteckt 27 %;979.00;150.00;
iphone;iPhone 16;512 GB;Jetzt kaufen;1379.00;1145.97;1007.93;Apple/Beats 17 % / versteckt 27 %;1229.00;150.00;
iphone;iPhone 16 Plus;128 GB;Vorgänger;949.00;788.97;694.96;Apple/Beats 17 % / versteckt 27 %;949.00;0.00;Vorgängerpreis als Historie beibehalten.
iphone;iPhone 16 Plus;256 GB;Vorgänger;1079.00;896.07;788.97;Apple/Beats 17 % / versteckt 27 %;1079.00;0.00;Vorgängerpreis als Historie beibehalten.
iphone;iPhone 16 Plus;512 GB;Vorgänger;1329.00;1104.32;972.23;Apple/Beats 17 % / versteckt 27 %;1329.00;0.00;Vorgängerpreis als Historie beibehalten.
ipad;iPad Pro;"11"" · 256 GB · Wi-Fi · Standardglas";Jetzt kaufen;1299.00;1079.33;950.81;Apple/Beats 17 % / versteckt 27 %;1299.00;0.00;
ipad;iPad Pro;"11"" · 512 GB · Wi-Fi · Standardglas";Jetzt kaufen;1549.00;1287.58;1132.88;Apple/Beats 17 % / versteckt 27 %;1549.00;0.00;
ipad;iPad Pro;"11"" · 1 TB · Wi-Fi · Standardglas";Jetzt kaufen;2029.00;1685.04;1483.93;Apple/Beats 17 % / versteckt 27 %;2029.00;0.00;
ipad;iPad Pro;"11"" · 2 TB · Wi-Fi · Standardglas";Jetzt kaufen;2649.00;2200.31;1936.13;Apple/Beats 17 % / versteckt 27 %;2649.00;0.00;
ipad;iPad Pro;"11"" · 1 TB · Wi-Fi · Nanotexturglas";Jetzt kaufen;2159.00;1793.33;1577.94;Apple/Beats 17 % / versteckt 27 %;2159.00;0.00;
ipad;iPad Pro;"11"" · 2 TB · Wi-Fi · Nanotexturglas";Jetzt kaufen;2779.00;2307.41;2031.33;Apple/Beats 17 % / versteckt 27 %;2779.00;0.00;
ipad;iPad Pro;"11"" · 256 GB · Wi-Fi + Cellular · Standardglas";Jetzt kaufen;1549.00;1287.58;1132.88;Apple/Beats 17 % / versteckt 27 %;1549.00;0.00;
ipad;iPad Pro;"11"" · 512 GB · Wi-Fi + Cellular · Standardglas";Jetzt kaufen;1799.00;1494.64;1314.95;Apple/Beats 17 % / versteckt 27 %;1799.00;0.00;
ipad;iPad Pro;"11"" · 1 TB · Wi-Fi + Cellular · Standardglas";Jetzt kaufen;2279.00;1893.29;1666.00;Apple/Beats 17 % / versteckt 27 %;2279.00;0.00;
ipad;iPad Pro;"11"" · 2 TB · Wi-Fi + Cellular · Standardglas";Jetzt kaufen;2899.00;2407.37;2118.20;Apple/Beats 17 % / versteckt 27 %;2899.00;0.00;
ipad;iPad Pro;"11"" · 1 TB · Wi-Fi + Cellular · Nanotexturglas";Jetzt kaufen;2409.00;2000.39;1761.20;Apple/Beats 17 % / versteckt 27 %;2409.00;0.00;
ipad;iPad Pro;"11"" · 2 TB · Wi-Fi + Cellular · Nanotexturglas";Jetzt kaufen;3029.00;2515.66;2213.40;Apple/Beats 17 % / versteckt 27 %;3029.00;0.00;
ipad;iPad Pro;"13"" · 256 GB · Wi-Fi · Standardglas";Jetzt kaufen;1649.00;1369.69;1205.47;Apple/Beats 17 % / versteckt 27 %;1649.00;0.00;
ipad;iPad Pro;"13"" · 512 GB · Wi-Fi · Standardglas";Jetzt kaufen;1899.00;1577.94;1388.73;Apple/Beats 17 % / versteckt 27 %;1899.00;0.00;
ipad;iPad Pro;"13"" · 1 TB · Wi-Fi · Standardglas";Jetzt kaufen;2379.00;1975.40;1738.59;Apple/Beats 17 % / versteckt 27 %;2379.00;0.00;
ipad;iPad Pro;"13"" · 2 TB · Wi-Fi · Standardglas";Jetzt kaufen;2999.00;2490.67;2191.98;Apple/Beats 17 % / versteckt 27 %;2999.00;0.00;
ipad;iPad Pro;"13"" · 1 TB · Wi-Fi · Nanotexturglas";Jetzt kaufen;2509.00;2083.69;1833.79;Apple/Beats 17 % / versteckt 27 %;2509.00;0.00;
ipad;iPad Pro;"13"" · 2 TB · Wi-Fi · Nanotexturglas";Jetzt kaufen;3129.00;2598.96;2285.99;Apple/Beats 17 % / versteckt 27 %;3129.00;0.00;
ipad;iPad Pro;"13"" · 256 GB · Wi-Fi + Cellular · Standardglas";Jetzt kaufen;1899.00;1577.94;1388.73;Apple/Beats 17 % / versteckt 27 %;1899.00;0.00;
ipad;iPad Pro;"13"" · 512 GB · Wi-Fi + Cellular · Standardglas";Jetzt kaufen;2149.00;1785.00;1570.80;Apple/Beats 17 % / versteckt 27 %;2149.00;0.00;
ipad;iPad Pro;"13"" · 1 TB · Wi-Fi + Cellular · Standardglas";Jetzt kaufen;2629.00;2183.65;1921.85;Apple/Beats 17 % / versteckt 27 %;2629.00;0.00;
ipad;iPad Pro;"13"" · 2 TB · Wi-Fi + Cellular · Standardglas";Jetzt kaufen;3249.00;2697.73;2374.05;Apple/Beats 17 % / versteckt 27 %;3249.00;0.00;
ipad;iPad Pro;"13"" · 1 TB · Wi-Fi + Cellular · Nanotexturglas";Jetzt kaufen;2759.00;2291.94;2015.86;Apple/Beats 17 % / versteckt 27 %;2759.00;0.00;
ipad;iPad Pro;"13"" · 2 TB · Wi-Fi + Cellular · Nanotexturglas";Jetzt kaufen;3379.00;2806.02;2469.25;Apple/Beats 17 % / versteckt 27 %;3379.00;0.00;
ipad;iPad Air;"11"" · 128 GB · Wi-Fi";Jetzt kaufen;799.00;664.02;585.48;Apple/Beats 17 % / versteckt 27 %;799.00;0.00;
ipad;iPad Air;"11"" · 256 GB · Wi-Fi";Jetzt kaufen;929.00;772.31;680.68;Apple/Beats 17 % / versteckt 27 %;929.00;0.00;
ipad;iPad Air;"11"" · 512 GB · Wi-Fi";Jetzt kaufen;1179.00;980.56;862.75;Apple/Beats 17 % / versteckt 27 %;1179.00;0.00;
ipad;iPad Air;"11"" · 1 TB · Wi-Fi";Jetzt kaufen;1559.00;1295.91;1140.02;Apple/Beats 17 % / versteckt 27 %;1559.00;0.00;
ipad;iPad Air;"11"" · 128 GB · Wi-Fi + Cellular";Jetzt kaufen;969.00;805.63;709.24;Apple/Beats 17 % / versteckt 27 %;969.00;0.00;
ipad;iPad Air;"11"" · 256 GB · Wi-Fi + Cellular";Jetzt kaufen;1099.00;913.92;804.44;Apple/Beats 17 % / versteckt 27 %;1099.00;0.00;
ipad;iPad Air;"11"" · 512 GB · Wi-Fi + Cellular";Jetzt kaufen;1349.00;1120.98;986.51;Apple/Beats 17 % / versteckt 27 %;1349.00;0.00;
ipad;iPad Air;"11"" · 1 TB · Wi-Fi + Cellular";Jetzt kaufen;1729.00;1436.33;1264.97;Apple/Beats 17 % / versteckt 27 %;1729.00;0.00;
ipad;iPad Air;"13"" · 128 GB · Wi-Fi";Jetzt kaufen;999.00;830.62;731.85;Apple/Beats 17 % / versteckt 27 %;999.00;0.00;
ipad;iPad Air;"13"" · 256 GB · Wi-Fi";Jetzt kaufen;1129.00;938.91;825.86;Apple/Beats 17 % / versteckt 27 %;1129.00;0.00;
ipad;iPad Air;"13"" · 512 GB · Wi-Fi";Jetzt kaufen;1379.00;1145.97;1009.12;Apple/Beats 17 % / versteckt 27 %;1379.00;0.00;
ipad;iPad Air;"13"" · 1 TB · Wi-Fi";Jetzt kaufen;1759.00;1461.32;1286.39;Apple/Beats 17 % / versteckt 27 %;1759.00;0.00;
ipad;iPad Air;"13"" · 128 GB · Wi-Fi + Cellular";Jetzt kaufen;1169.00;972.23;855.61;Apple/Beats 17 % / versteckt 27 %;1169.00;0.00;
ipad;iPad Air;"13"" · 256 GB · Wi-Fi + Cellular";Jetzt kaufen;1299.00;1079.33;950.81;Apple/Beats 17 % / versteckt 27 %;1299.00;0.00;
ipad;iPad Air;"13"" · 512 GB · Wi-Fi + Cellular";Jetzt kaufen;1549.00;1287.58;1132.88;Apple/Beats 17 % / versteckt 27 %;1549.00;0.00;
ipad;iPad Air;"13"" · 1 TB · Wi-Fi + Cellular";Jetzt kaufen;1929.00;1602.93;1410.15;Apple/Beats 17 % / versteckt 27 %;1929.00;0.00;
ipad;iPad;128 GB · Wi-Fi;Jetzt kaufen;499.00;415.31;366.52;Apple/Beats 17 % / versteckt 27 %;499.00;0.00;
ipad;iPad;256 GB · Wi-Fi;Jetzt kaufen;629.00;523.60;461.72;Apple/Beats 17 % / versteckt 27 %;629.00;0.00;
ipad;iPad;512 GB · Wi-Fi;Jetzt kaufen;879.00;730.66;643.79;Apple/Beats 17 % / versteckt 27 %;879.00;0.00;
ipad;iPad;128 GB · Wi-Fi + Cellular;Jetzt kaufen;669.00;556.92;490.28;Apple/Beats 17 % / versteckt 27 %;669.00;0.00;
ipad;iPad;256 GB · Wi-Fi + Cellular;Jetzt kaufen;799.00;664.02;585.48;Apple/Beats 17 % / versteckt 27 %;799.00;0.00;
ipad;iPad;512 GB · Wi-Fi + Cellular;Jetzt kaufen;1049.00;872.27;767.55;Apple/Beats 17 % / versteckt 27 %;1049.00;0.00;
ipad;iPad mini;128 GB · Wi-Fi;Jetzt kaufen;679.00;565.25;497.42;Apple/Beats 17 % / versteckt 27 %;679.00;0.00;
ipad;iPad mini;256 GB · Wi-Fi;Jetzt kaufen;809.00;672.35;592.62;Apple/Beats 17 % / versteckt 27 %;809.00;0.00;
ipad;iPad mini;512 GB · Wi-Fi;Jetzt kaufen;1059.00;880.60;775.88;Apple/Beats 17 % / versteckt 27 %;1059.00;0.00;
ipad;iPad mini;128 GB · Wi-Fi + Cellular;Jetzt kaufen;849.00;705.67;622.37;Apple/Beats 17 % / versteckt 27 %;849.00;0.00;
ipad;iPad mini;256 GB · Wi-Fi + Cellular;Jetzt kaufen;979.00;813.96;716.38;Apple/Beats 17 % / versteckt 27 %;979.00;0.00;
ipad;iPad mini;512 GB · Wi-Fi + Cellular;Jetzt kaufen;1229.00;1021.02;899.64;Apple/Beats 17 % / versteckt 27 %;1229.00;0.00;
mac;MacBook Neo;Basismodell · 256 GB;Jetzt kaufen;799.00;665.86;586.13;Apple/Beats 17 % / versteckt 27 %;799.00;0.00;
mac;MacBook Air;Basismodell;Jetzt kaufen;1399.00;1163.28;1025.24;Apple/Beats 17 % / versteckt 27 %;1399.00;0.00;
mac;MacBook Pro;Basismodell;Jetzt kaufen;2199.00;1827.30;1608.34;Apple/Beats 17 % / versteckt 27 %;2199.00;0.00;
mac;iMac;Basismodell;Jetzt kaufen;1799.00;1495.29;1316.79;Apple/Beats 17 % / versteckt 27 %;1799.00;0.00;
mac;Mac mini;M6 Basismodell;Vorbestellung;1049.00;872.92;769.39;Apple/Beats 17 % / versteckt 27 %;1049.00;0.00;
mac;Mac mini;M5 Pro Basismodell;Vorbestellung;1999.00;1661.89;1463.16;Apple/Beats 17 % / versteckt 27 %;1999.00;0.00;
mac;Mac Studio;M5 Max Basismodell;Vorbestellung;2999.00;2491.32;2192.63;Apple/Beats 17 % / versteckt 27 %;2999.00;0.00;
mac;Mac Studio;M5 Ultra Basismodell;Vorbestellung;6599.00;5479.41;4820.15;Apple/Beats 17 % / versteckt 27 %;6599.00;0.00;
displays;Studio Display;Standardglas · Neigungsverstellbarer Standfuß;Jetzt kaufen;1699.00;1410.15;1239.98;Apple/Beats 17 % / versteckt 27 %;1699.00;0.00;
displays;Studio Display;Standardglas · VESA Mount Adapter;Jetzt kaufen;1699.00;1410.15;1239.98;Apple/Beats 17 % / versteckt 27 %;1699.00;0.00;
displays;Studio Display;Standardglas · Neigungs- und höhenverstellbarer Standfuß;Jetzt kaufen;2099.00;1742.16;1532.72;Apple/Beats 17 % / versteckt 27 %;2099.00;0.00;
displays;Studio Display;Nanotexturglas · Neigungsverstellbarer Standfuß;Jetzt kaufen;1999.00;1658.86;1458.94;Apple/Beats 17 % / versteckt 27 %;1999.00;0.00;
displays;Studio Display;Nanotexturglas · VESA Mount Adapter;Jetzt kaufen;1999.00;1658.86;1458.94;Apple/Beats 17 % / versteckt 27 %;1999.00;0.00;
displays;Studio Display;Nanotexturglas · Neigungs- und höhenverstellbarer Standfuß;Jetzt kaufen;2399.00;1990.87;1751.68;Apple/Beats 17 % / versteckt 27 %;2399.00;0.00;
displays;Studio Display XDR;Standardglas · VESA Mount Adapter;Jetzt kaufen;3099.00;2571.59;2262.19;Apple/Beats 17 % / versteckt 27 %;3099.00;0.00;
displays;Studio Display XDR;Nanotexturglas · VESA Mount Adapter;Jetzt kaufen;3399.00;2821.49;2481.15;Apple/Beats 17 % / versteckt 27 %;3599.00;-200.00;
displays;Studio Display XDR;Standardglas · Pro Stand;Jetzt kaufen;3499.00;2903.60;2553.74;Apple/Beats 17 % / versteckt 27 %;4298.00;-799.00;
displays;Studio Display XDR;Nanotexturglas · Pro Stand;Jetzt kaufen;3799.00;3153.50;2772.70;Apple/Beats 17 % / versteckt 27 %;4798.00;-999.00;
watch;Apple Watch Series 11;42 mm · Aluminium · GPS · Sportarmband;Vorgänger;449.00;372.71;328.68;Apple/Beats 17 % / versteckt 27 %;449.00;0.00;Vorgängerpreis als Historie beibehalten.
watch;Apple Watch Series 11;46 mm · Aluminium · GPS · Sportarmband;Vorgänger;479.00;397.70;350.10;Apple/Beats 17 % / versteckt 27 %;479.00;0.00;Vorgängerpreis als Historie beibehalten.
watch;Apple Watch Series 11;42 mm · Aluminium · GPS + Cellular · Sportarmband;Vorgänger;569.00;472.67;415.55;Apple/Beats 17 % / versteckt 27 %;569.00;0.00;Vorgängerpreis als Historie beibehalten.
watch;Apple Watch Series 11;46 mm · Aluminium · GPS + Cellular · Sportarmband;Vorgänger;599.00;497.66;438.16;Apple/Beats 17 % / versteckt 27 %;599.00;0.00;Vorgängerpreis als Historie beibehalten.
watch;Apple Watch SE 3;40 mm · GPS · Sportarmband;Jetzt kaufen;269.00;222.77;196.59;Apple/Beats 17 % / versteckt 27 %;269.00;0.00;
watch;Apple Watch SE 3;44 mm · GPS · Sportarmband;Jetzt kaufen;299.00;247.77;219.20;Apple/Beats 17 % / versteckt 27 %;299.00;0.00;
watch;Apple Watch SE 3;40 mm · GPS + Cellular · Sportarmband;Jetzt kaufen;319.00;265.61;233.48;Apple/Beats 17 % / versteckt 27 %;319.00;0.00;
watch;Apple Watch SE 3;44 mm · GPS + Cellular · Sportarmband;Jetzt kaufen;349.00;289.41;254.90;Apple/Beats 17 % / versteckt 27 %;349.00;0.00;
watch;Apple Watch Ultra 3;49 mm · Titan · Alpine/Trail/Ocean;Vorgänger;899.00;746.37;657.12;Apple/Beats 17 % / versteckt 27 %;899.00;0.00;Vorgängerpreis als Historie beibehalten.
watch;Apple Watch Ultra 3;49 mm · Titan · Titan Milanaise;Vorgänger;999.00;829.67;729.71;Apple/Beats 17 % / versteckt 27 %;999.00;0.00;Vorgängerpreis als Historie beibehalten.
watch;Apple Watch Hermès;42 mm · Titan Silber · Hermès Armband;Vorgänger;1399.00;1160.49;1021.26;Apple/Beats 17 % / versteckt 27 %;1399.00;0.00;Vorgängerpreis als Historie beibehalten.
watch;Apple Watch Hermès;46 mm · Titan Silber · Hermès Armband;Vorgänger;1449.00;1203.33;1058.15;Apple/Beats 17 % / versteckt 27 %;1449.00;0.00;Vorgängerpreis als Historie beibehalten.
watch;Apple Watch Hermès Ultra 3;49 mm · Titan · Hermès;Vorgänger;1579.00;1310.43;1153.35;Apple/Beats 17 % / versteckt 27 %;1579.00;0.00;Vorgängerpreis als Historie beibehalten.
vision;Apple Vision Pro;256 GB;Jetzt kaufen;3699.00;3070.20;2700.11;Apple/Beats 17 % / versteckt 27 %;3999.00;-300.00;
vision;Apple Vision Pro;512 GB;Jetzt kaufen;3919.00;3252.27;2860.76;Apple/Beats 17 % / versteckt 27 %;4219.00;-300.00;"Aktueller 256-GB-Basispreis offiziell 3.699 €; Speicherstufen mit unverändertem +220-€-Abstand fortgeführt."
vision;Apple Vision Pro;1 TB;Jetzt kaufen;4139.00;3435.53;3021.41;Apple/Beats 17 % / versteckt 27 %;4439.00;-300.00;"Aktueller 256-GB-Basispreis offiziell 3.699 €; Speicherstufen mit unverändertem +220-€-Abstand fortgeführt."
airpods;AirPods Pro 3;Standard;Jetzt kaufen;249.00;207.06;182.07;Apple/Beats 17 % / versteckt 27 %;249.00;0.00;
airpods;AirPods 4;AirPods 4;Vorgänger / weiterhin gelistet;149.00;123.76;108.29;Apple/Beats 17 % / versteckt 27 %;149.00;0.00;
airpods;AirPods 4;AirPods 4 mit Aktiver Geräuschunterdrückung;Vorgänger / weiterhin gelistet;199.00;165.41;145.18;Apple/Beats 17 % / versteckt 27 %;199.00;0.00;
airpods;AirPods Max 2;Standard;Jetzt kaufen;579.00;480.76;422.45;Apple/Beats 17 % / versteckt 27 %;579.00;0.00;
tvhome;HomePod;Standard;Jetzt kaufen;399.00;330.82;291.55;Apple/Beats 17 % / versteckt 27 %;399.00;0.00;
tvhome;HomePod mini;Standard;Jetzt kaufen;139.00;115.43;101.15;Apple/Beats 17 % / versteckt 27 %;139.00;0.00;
tvhome;Apple TV 4K;64 GB · Wi-Fi;Jetzt kaufen;229.00;190.40;166.60;Apple/Beats 17 % / versteckt 27 %;229.00;0.00;
tvhome;Apple TV 4K;128 GB · Wi-Fi + Ethernet;Jetzt kaufen;299.00;248.71;217.77;Apple/Beats 17 % / versteckt 27 %;299.00;0.00;
accessories;60W USB-C Ladekabel (1 m);Standard;;19.00;15.47;14.28;Apple/Beats 17 % / versteckt 27 %;25.00;-6.00;
accessories;240W USB-C Ladekabel (2 m);Standard;;35.00;28.56;24.99;Apple/Beats 17 % / versteckt 27 %;35.00;0.00;
accessories;MagSafe Ladegerät (1 m);Standard;;49.00;40.46;35.70;Apple/Beats 17 % / versteckt 27 %;49.00;0.00;
accessories;MagSafe Ladegerät (2 m);Standard;;59.00;48.79;42.84;Apple/Beats 17 % / versteckt 27 %;59.00;0.00;
accessories;Apple Watch magnetisches Schnellladegerät auf USB-C Kabel (1 m);Standard;;29.00;23.80;21.42;Apple/Beats 17 % / versteckt 27 %;29.00;0.00;
accessories;USB-C auf MagSafe 3 Kabel (2 m) – Silber;Standard;;55.00;45.22;40.46;Apple/Beats 17 % / versteckt 27 %;55.00;0.00;
accessories;Thunderbolt 5 (USB-C) Pro Kabel (1 m);Standard;;79.00;65.45;57.12;Apple/Beats 17 % / versteckt 27 %;79.00;0.00;
accessories;Thunderbolt 4 (USB-C) Pro Kabel (1,8 m);Standard;;149.00;123.76;108.29;Apple/Beats 17 % / versteckt 27 %;149.00;0.00;
accessories;Thunderbolt 4 (USB-C) Pro Kabel (3 m);Standard;;179.00;148.75;130.90;Apple/Beats 17 % / versteckt 27 %;179.00;0.00;
accessories;40W Dynamic Power Adapter mit 60W Max;Standard;;45.00;36.89;33.32;Apple/Beats 17 % / versteckt 27 %;45.00;0.00;
accessories;70W USB-C Power Adapter;Standard;;65.00;53.55;47.60;Apple/Beats 17 % / versteckt 27 %;65.00;0.00;
accessories;96W USB-C Power Adapter;Standard;;85.00;70.21;61.88;Apple/Beats 17 % / versteckt 27 %;85.00;0.00;
accessories;140W USB-C Power Adapter;Standard;;119.00;98.77;86.87;Apple/Beats 17 % / versteckt 27 %;119.00;0.00;
accessories;Power Adapter Verlängerungskabel;Standard;;25.00;20.23;17.85;Apple/Beats 17 % / versteckt 27 %;25.00;0.00;
accessories;Beats USB-C auf USB-C Gewebtes Kabel (1,5 m);Standard;;24.95;20.23;17.85;Apple/Beats 17 % / versteckt 27 %;25.00;-0.05;
accessories;Beats USB-C auf USB-C Gewebtes Kabel (3 m);Standard;;34.95;28.56;24.99;Apple/Beats 17 % / versteckt 27 %;35.00;-0.05;
accessories;Belkin Ultra HD High-Speed 8K/4K HDMI Kabel (2 m);Standard;;39.95;35.70;;Partnerprodukt 10 %;39.95;0.00;
accessories;Scosche StrikeLine USB-C auf USB-C Kabel (1 m);Standard;;19.95;17.85;;Partnerprodukt 10 %;19.95;0.00;
accessories;Nimble PowerKnit FLEX USB-C auf USB-C Kabel;Standard;;59.95;53.55;;Partnerprodukt 10 %;59.95;0.00;
accessories;Twelve South PowerBug Qi2.2 Ladegerät;Standard;;49.95;45.22;;Partnerprodukt 10 %;49.95;0.00;
accessories;Nimble Wally Pro Stretch 30W Wandladegerät;Standard;;59.95;53.55;;Partnerprodukt 10 %;59.95;0.00;
accessories;Nimble Wally Stretch 65W Wandladegerät;Standard;;69.95;63.07;;Partnerprodukt 10 %;69.95;0.00;
accessories;AirTag;Standard;;35.00;28.56;24.99;Apple/Beats 17 % / versteckt 27 %;35.00;0.00;
accessories;AirTag 4er Pack;Standard;;119.00;98.77;86.87;Apple/Beats 17 % / versteckt 27 %;119.00;0.00;
accessories;Magic Mouse (USB-C);Standard;;85.00;70.21;61.88;Apple/Beats 17 % / versteckt 27 %;85.00;0.00;
accessories;Magic Trackpad (USB-C);Standard;;139.00;115.43;101.15;Apple/Beats 17 % / versteckt 27 %;139.00;0.00;
accessories;Poliertuch;Standard;;10.00;8.33;7.14;Apple/Beats 17 % / versteckt 27 %;25.00;-15.00;
accessories;Apple Pencil Pro;Standard;;149.00;123.76;108.29;Apple/Beats 17 % / versteckt 27 %;149.00;0.00;
accessories;Siri Remote (3. Generation);Standard;;69.00;57.12;49.98;Apple/Beats 17 % / versteckt 27 %;69.00;0.00;
accessories;iPhone Crossbody Band;Standard;;69.00;57.12;49.98;Apple/Beats 17 % / versteckt 27 %;69.00;0.00;
accessories;"Magic Keyboard für 13"" iPad Pro (M5) – Deutsch";Standard;;399.00;330.82;291.55;Apple/Beats 17 % / versteckt 27 %;399.00;0.00;
iphone;iPhone Duo;256 GB;Vorbestellung ab 16.10.;2299.00;1908.76;1680.28;Apple/Beats 17 % / versteckt 27 %;;;
iphone;iPhone Duo;512 GB;Vorbestellung ab 16.10.;2549.00;2117.01;1862.35;Apple/Beats 17 % / versteckt 27 %;;;
iphone;iPhone Duo;1 TB;Vorbestellung ab 16.10.;3049.00;2531.13;2227.68;Apple/Beats 17 % / versteckt 27 %;;;
iphone;iPhone Duo;2 TB;Vorbestellung ab 16.10.;3799.00;3154.69;2775.08;Apple/Beats 17 % / versteckt 27 %;;;
iphone;iPhone 18 Pro;256 GB;Vorbestellung;1449.00;1204.28;1059.10;Apple/Beats 17 % / versteckt 27 %;;;
iphone;iPhone 18 Pro;512 GB;Vorbestellung;1699.00;1411.34;1242.36;Apple/Beats 17 % / versteckt 27 %;;;
iphone;iPhone 18 Pro;1 TB;Vorbestellung;2199.00;1826.65;1606.50;Apple/Beats 17 % / versteckt 27 %;;;
iphone;iPhone 18 Pro;2 TB;Vorbestellung;2949.00;2449.02;2153.90;Apple/Beats 17 % / versteckt 27 %;;;
iphone;iPhone 18 Pro Max;256 GB;Vorbestellung;1599.00;1328.04;1168.58;Apple/Beats 17 % / versteckt 27 %;;;
iphone;iPhone 18 Pro Max;512 GB;Vorbestellung;1849.00;1535.10;1351.84;Apple/Beats 17 % / versteckt 27 %;;;
iphone;iPhone 18 Pro Max;1 TB;Vorbestellung;2349.00;1950.41;1715.98;Apple/Beats 17 % / versteckt 27 %;;;
iphone;iPhone 18 Pro Max;2 TB;Vorbestellung;3099.00;2572.78;2263.38;Apple/Beats 17 % / versteckt 27 %;;;
watch;Apple Watch Series 12;42 mm · Aluminium · GPS · Sportarmband;Vorbestellung;449.00;372.71;328.68;Apple/Beats 17 % / versteckt 27 %;;;
watch;Apple Watch Series 12;46 mm · Aluminium · GPS · Sportarmband;Vorbestellung;479.00;397.70;350.10;Apple/Beats 17 % / versteckt 27 %;;;
watch;Apple Watch Series 12;42 mm · Aluminium · GPS + Cellular · Sportarmband;Vorbestellung;569.00;472.67;415.55;Apple/Beats 17 % / versteckt 27 %;;;
watch;Apple Watch Series 12;46 mm · Aluminium · GPS + Cellular · Sportarmband;Vorbestellung;599.00;497.66;438.16;Apple/Beats 17 % / versteckt 27 %;;;
watch;Apple Watch Ultra 4;49 mm · Titan · GPS + Cellular;Vorbestellung;800.00;664.26;584.53;Apple/Beats 17 % / versteckt 27 %;;;
watch;Apple Watch Hermès Series 12;42 mm · GPS + Cellular · Hermès;Vorbestellung;1050.00;871.32;766.60;Apple/Beats 17 % / versteckt 27 %;;;
watch;Apple Watch Hermès Ultra 4;49 mm · GPS + Cellular · Hermès;Vorbestellung;1100.00;912.97;803.49;Apple/Beats 17 % / versteckt 27 %;;;
airpods;AirPods 5;Standard;Vorbestellung;149.00;123.76;108.29;Apple/Beats 17 % / versteckt 27 %;;;
airpods;AirPods 5;mit kabellosem Ladecase;Vorbestellung;169.00;140.42;123.76;Apple/Beats 17 % / versteckt 27 %;;;
